Nombre,URL_abs
"<a href=""http://alojawebapps.us.es//centrosdptos/pdi/pdi.php?pdi=5004"" target=""_blank"">ACEDO GONZALEZ, FRANCISCO JOSE</a>",http://alojawebapps.us.es//centrosdptos/pdi/pdi.php?pdi=5004
"<a href=""http://alojawebapps.us.es//centrosdptos/pdi/pdi.php?pdi=5725"" target=""_blank"">ALFARO DE PRADO SAGRERA, ANA M.</a>",http://alojawebapps.us.es//centrosdptos/pdi/pdi.php?pdi=5725
"<a href=""http://alojawebapps.us.es//centrosdptos/pdi/pdi.php?pdi=4741"" target=""_blank"">ALONSO RODRIGUEZ, MIGUEL ANGEL</a>",http://alojawebapps.us.es//centrosdptos/pdi/pdi.php?pdi=4741
"<a href=""http://alojawebapps.us.es//centrosdptos/pdi/pdi.php?pdi=4944"" target=""_blank"">ARENAS GAITAN, JORGE</a>",http://alojawebapps.us.es//centrosdptos/pdi/pdi.php?pdi=4944
"<a href=""http://alojawebapps.us.es//centrosdptos/pdi/pdi.php?pdi=16741"" target=""_blank"">ARTEAGA SANCHEZ, ROCIO</a>",http://alojawebapps.us.es//centrosdptos/pdi/pdi.php?pdi=16741
"<a href=""http://alojawebapps.us.es//centrosdptos/pdi/pdi.php?pdi=12807"" target=""_blank"">BAENA LUNA, PEDRO</a>",http://alojawebapps.us.es//centrosdptos/pdi/pdi.php?pdi=12807
"<a href=""http://alojawebapps.us.es//centrosdptos/pdi/pdi.php?pdi=3299"" target=""_blank"">BARRERA BARRERA, RAMON</a>",http://alojawebapps.us.es//centrosdptos/pdi/pdi.php?pdi=3299
"<a href=""http://alojawebapps.us.es//centrosdptos/pdi/pdi.php?pdi=13366"" target=""_blank"">BARRERA CAMPOS, LAURA</a>",http://alojawebapps.us.es//centrosdptos/pdi/pdi.php?pdi=13366
"<a href=""http://alojawebapps.us.es//centrosdptos/pdi/pdi.php?pdi=5679"" target=""_blank"">BARROSO CASTRO, MARIA DEL CARMEN</a>",http://alojawebapps.us.es//centrosdptos/pdi/pdi.php?pdi=5679
"<a href=""http://alojawebapps.us.es//centrosdptos/pdi/pdi.php?pdi=16864"" target=""_blank"">BRAZO DORADO, PEDRO PAULINO</a>",http://alojawebapps.us.es//centrosdptos/pdi/pdi.php?pdi=16864
"<a href=""http://alojawebapps.us.es//centrosdptos/pdi/pdi.php?pdi=6214"" target=""_blank"">CALVO DE MORA SCHMIDT, ARTURO</a>",http://alojawebapps.us.es//centrosdptos/pdi/pdi.php?pdi=6214
"<a href=""http://alojawebapps.us.es//centrosdptos/pdi/pdi.php?pdi=16440"" target=""_blank"">CANDAU DEL CID, MARTA</a>",http://alojawebapps.us.es//centrosdptos/pdi/pdi.php?pdi=16440
"<a href=""http://alojawebapps.us.es//centrosdptos/pdi/pdi.php?pdi=5631"" target=""_blank"">CARO GONZALEZ, FRANCISCO JAVIER</a>",http://alojawebapps.us.es//centrosdptos/pdi/pdi.php?pdi=5631
"<a href=""http://alojawebapps.us.es//centrosdptos/pdi/pdi.php?pdi=3020"" target=""_blank"">CASANUEVA ROCHA, CRISTOBAL</a>",http://alojawebapps.us.es//centrosdptos/pdi/pdi.php?pdi=3020
"<a href=""http://alojawebapps.us.es//centrosdptos/pdi/pdi.php?pdi=5602"" target=""_blank"">CASILLAS BUENO, JOSE CARLOS</a>",http://alojawebapps.us.es//centrosdptos/pdi/pdi.php?pdi=5602
"<a href=""http://alojawebapps.us.es//centrosdptos/pdi/pdi.php?pdi=3051"" target=""_blank"">CASTELLANOS VERDUGO, MARIO</a>",http://alojawebapps.us.es//centrosdptos/pdi/pdi.php?pdi=3051
"<a href=""http://alojawebapps.us.es//centrosdptos/pdi/pdi.php?pdi=11994"" target=""_blank"">CASTIGLIONI, MARCO</a>",http://alojawebapps.us.es//centrosdptos/pdi/pdi.php?pdi=11994
"<a href=""http://alojawebapps.us.es//centrosdptos/pdi/pdi.php?pdi=2766"" target=""_blank"">CASTRO ABANCENS, IGNACIO</a>",http://alojawebapps.us.es//centrosdptos/pdi/pdi.php?pdi=2766
"<a href=""http://alojawebapps.us.es//centrosdptos/pdi/pdi.php?pdi=6343"" target=""_blank"">CAUZO BOTTALA, LOURDES</a>",http://alojawebapps.us.es//centrosdptos/pdi/pdi.php?pdi=6343
"<a href=""http://alojawebapps.us.es//centrosdptos/pdi/pdi.php?pdi=6194"" target=""_blank"">CEPEDA CARRION, GABRIEL ALFONSO</a>",http://alojawebapps.us.es//centrosdptos/pdi/pdi.php?pdi=6194
"<a href=""http://alojawebapps.us.es//centrosdptos/pdi/pdi.php?pdi=14247"" target=""_blank"">CEPEDA CARRION, IGNACIO FRANCISCO</a>",http://alojawebapps.us.es//centrosdptos/pdi/pdi.php?pdi=14247
"<a href=""http://alojawebapps.us.es//centrosdptos/pdi/pdi.php?pdi=12700"" target=""_blank"">COBEÑA RUIZ-LOPERA, MARIA DEL MAR</a>",http://alojawebapps.us.es//centrosdptos/pdi/pdi.php?pdi=12700
"<a href=""http://alojawebapps.us.es//centrosdptos/pdi/pdi.php?pdi=6182"" target=""_blank"">CRESPO PEREZ, JUAN MANUEL</a>",http://alojawebapps.us.es//centrosdptos/pdi/pdi.php?pdi=6182
"<a href=""http://alojawebapps.us.es//centrosdptos/pdi/pdi.php?pdi=3032"" target=""_blank"">CRIADO GARCIA-LEGAZ, FERNANDO</a>",http://alojawebapps.us.es//centrosdptos/pdi/pdi.php?pdi=3032
"<a href=""http://alojawebapps.us.es//centrosdptos/pdi/pdi.php?pdi=16011"" target=""_blank"">DEL CUBO MOLINA, AIDA</a>",http://alojawebapps.us.es//centrosdptos/pdi/pdi.php?pdi=16011
"<a href=""http://alojawebapps.us.es//centrosdptos/pdi/pdi.php?pdi=14859"" target=""_blank"">DIAZ CARRION, ROSALIA</a>",http://alojawebapps.us.es//centrosdptos/pdi/pdi.php?pdi=14859
"<a href=""http://alojawebapps.us.es//centrosdptos/pdi/pdi.php?pdi=2784"" target=""_blank"">DIAZ FERNANDEZ, MARIA DEL CARMEN</a>",http://alojawebapps.us.es//centrosdptos/pdi/pdi.php?pdi=2784
"<a href=""http://alojawebapps.us.es//centrosdptos/pdi/pdi.php?pdi=5593"" target=""_blank"">ESPASANDIN BUSTELO, FRANCISCO</a>",http://alojawebapps.us.es//centrosdptos/pdi/pdi.php?pdi=5593
"<a href=""http://alojawebapps.us.es//centrosdptos/pdi/pdi.php?pdi=15657"" target=""_blank"">FELIPE LLANOS, CARMEN</a>",http://alojawebapps.us.es//centrosdptos/pdi/pdi.php?pdi=15657
"<a href=""http://alojawebapps.us.es//centrosdptos/pdi/pdi.php?pdi=3519"" target=""_blank"">FERNANDEZ FERNANDEZ, JUAN CARLOS</a>",http://alojawebapps.us.es//centrosdptos/pdi/pdi.php?pdi=3519
"<a href=""http://alojawebapps.us.es//centrosdptos/pdi/pdi.php?pdi=6147"" target=""_blank"">FLOREZ SABORIDO, IGNACIO</a>",http://alojawebapps.us.es//centrosdptos/pdi/pdi.php?pdi=6147
"<a href=""http://alojawebapps.us.es//centrosdptos/pdi/pdi.php?pdi=4529"" target=""_blank"">GALAN GONZALEZ, JOSE LUIS</a>",http://alojawebapps.us.es//centrosdptos/pdi/pdi.php?pdi=4529
"<a href=""http://alojawebapps.us.es//centrosdptos/pdi/pdi.php?pdi=4209"" target=""_blank"">GALLEGO AGUEDA, MARIA ANGELES</a>",http://alojawebapps.us.es//centrosdptos/pdi/pdi.php?pdi=4209
"<a href=""http://alojawebapps.us.es//centrosdptos/pdi/pdi.php?pdi=4522"" target=""_blank"">GANAZA VARGAS, JUAN D.</a>",http://alojawebapps.us.es//centrosdptos/pdi/pdi.php?pdi=4522
"<a href=""http://alojawebapps.us.es//centrosdptos/pdi/pdi.php?pdi=9162"" target=""_blank"">GARCIA CANDON, PALOMA</a>",http://alojawebapps.us.es//centrosdptos/pdi/pdi.php?pdi=9162
"<a href=""http://alojawebapps.us.es//centrosdptos/pdi/pdi.php?pdi=3997"" target=""_blank"">GARCIA CRUZ, ROSARIO</a>",http://alojawebapps.us.es//centrosdptos/pdi/pdi.php?pdi=3997
"<a href=""http://alojawebapps.us.es//centrosdptos/pdi/pdi.php?pdi=5490"" target=""_blank"">GARCIA DEL JUNCO, JULIO</a>",http://alojawebapps.us.es//centrosdptos/pdi/pdi.php?pdi=5490
"<a href=""http://alojawebapps.us.es//centrosdptos/pdi/pdi.php?pdi=6098"" target=""_blank"">GONZALEZ DOMINGUEZ, FRANCISCO JOSE</a>",http://alojawebapps.us.es//centrosdptos/pdi/pdi.php?pdi=6098
"<a href=""http://alojawebapps.us.es//centrosdptos/pdi/pdi.php?pdi=15082"" target=""_blank"">GONZALEZ MORALES, ANTONIO</a>",http://alojawebapps.us.es//centrosdptos/pdi/pdi.php?pdi=15082
"<a href=""http://alojawebapps.us.es//centrosdptos/pdi/pdi.php?pdi=3513"" target=""_blank"">GONZALEZ RENDON, MANUEL</a>",http://alojawebapps.us.es//centrosdptos/pdi/pdi.php?pdi=3513
"<a href=""http://alojawebapps.us.es//centrosdptos/pdi/pdi.php?pdi=6309"" target=""_blank"">GONZALEZ RODRIGUEZ, FRANCISCO JAVIER</a>",http://alojawebapps.us.es//centrosdptos/pdi/pdi.php?pdi=6309
"<a href=""http://alojawebapps.us.es//centrosdptos/pdi/pdi.php?pdi=16695"" target=""_blank"">HIGUERA REINA, JEISSON ALEXANDER</a>",http://alojawebapps.us.es//centrosdptos/pdi/pdi.php?pdi=16695
"<a href=""http://alojawebapps.us.es//centrosdptos/pdi/pdi.php?pdi=5420"" target=""_blank"">LEAL MILLAN, ANTONIO GENARO</a>",http://alojawebapps.us.es//centrosdptos/pdi/pdi.php?pdi=5420
"<a href=""http://alojawebapps.us.es//centrosdptos/pdi/pdi.php?pdi=11959"" target=""_blank"">LEAL RODRIGUEZ, ANTONIO</a>",http://alojawebapps.us.es//centrosdptos/pdi/pdi.php?pdi=11959
"<a href=""http://alojawebapps.us.es//centrosdptos/pdi/pdi.php?pdi=14856"" target=""_blank"">LEDESMA CHAVES, PABLO</a>",http://alojawebapps.us.es//centrosdptos/pdi/pdi.php?pdi=14856
"<a href=""http://alojawebapps.us.es//centrosdptos/pdi/pdi.php?pdi=5755"" target=""_blank"">LOPEZ BONILLA, JESUS MANUEL</a>",http://alojawebapps.us.es//centrosdptos/pdi/pdi.php?pdi=5755
"<a href=""http://alojawebapps.us.es//centrosdptos/pdi/pdi.php?pdi=5526"" target=""_blank"">LOPEZ BONILLA, LUIS MIGUEL</a>",http://alojawebapps.us.es//centrosdptos/pdi/pdi.php?pdi=5526
"<a href=""http://alojawebapps.us.es//centrosdptos/pdi/pdi.php?pdi=16674"" target=""_blank"">MAGALHAES TEIXEIRA, ANTONIO MANUEL</a>",http://alojawebapps.us.es//centrosdptos/pdi/pdi.php?pdi=16674
"<a href=""http://alojawebapps.us.es//centrosdptos/pdi/pdi.php?pdi=16111"" target=""_blank"">MALDONADO LOPEZ, BELEN</a>",http://alojawebapps.us.es//centrosdptos/pdi/pdi.php?pdi=16111
"<a href=""http://alojawebapps.us.es//centrosdptos/pdi/pdi.php?pdi=11460"" target=""_blank"">MARTELO LANDROGUEZ, SILVIA</a>",http://alojawebapps.us.es//centrosdptos/pdi/pdi.php?pdi=11460
"<a href=""http://alojawebapps.us.es//centrosdptos/pdi/pdi.php?pdi=4158"" target=""_blank"">MARTIN LOPEZ, MARIA DEL MILAGRO</a>",http://alojawebapps.us.es//centrosdptos/pdi/pdi.php?pdi=4158
"<a href=""http://alojawebapps.us.es//centrosdptos/pdi/pdi.php?pdi=14893"" target=""_blank"">MARTIN MARTIN, ANTONIO ORIOL</a>",http://alojawebapps.us.es//centrosdptos/pdi/pdi.php?pdi=14893
"<a href=""http://alojawebapps.us.es//centrosdptos/pdi/pdi.php?pdi=5083"" target=""_blank"">MARTIN RUIZ, DAVID</a>",http://alojawebapps.us.es//centrosdptos/pdi/pdi.php?pdi=5083
"<a href=""http://alojawebapps.us.es//centrosdptos/pdi/pdi.php?pdi=3341"" target=""_blank"">MARTINEZ TORRES, MARIA DEL ROCIO</a>",http://alojawebapps.us.es//centrosdptos/pdi/pdi.php?pdi=3341
"<a href=""http://alojawebapps.us.es//centrosdptos/pdi/pdi.php?pdi=15733"" target=""_blank"">MEDINA ZAMORA, JENNIFER</a>",http://alojawebapps.us.es//centrosdptos/pdi/pdi.php?pdi=15733
"<a href=""http://alojawebapps.us.es//centrosdptos/pdi/pdi.php?pdi=3884"" target=""_blank"">MORENO MENENDEZ, ANA M.</a>",http://alojawebapps.us.es//centrosdptos/pdi/pdi.php?pdi=3884
"<a href=""http://alojawebapps.us.es//centrosdptos/pdi/pdi.php?pdi=2570"" target=""_blank"">NAVARRO GARCIA, ANTONIO</a>",http://alojawebapps.us.es//centrosdptos/pdi/pdi.php?pdi=2570
"<a href=""http://alojawebapps.us.es//centrosdptos/pdi/pdi.php?pdi=5094"" target=""_blank"">NOGALES CASTILLA, EVARISTO</a>",http://alojawebapps.us.es//centrosdptos/pdi/pdi.php?pdi=5094
"<a href=""http://alojawebapps.us.es//centrosdptos/pdi/pdi.php?pdi=2750"" target=""_blank"">ORTEGA GUTIERREZ, JAIME</a>",http://alojawebapps.us.es//centrosdptos/pdi/pdi.php?pdi=2750
"<a href=""http://alojawebapps.us.es//centrosdptos/pdi/pdi.php?pdi=2412"" target=""_blank"">ORTI GONZALEZ, ANA MARIA</a>",http://alojawebapps.us.es//centrosdptos/pdi/pdi.php?pdi=2412
"<a href=""http://alojawebapps.us.es//centrosdptos/pdi/pdi.php?pdi=2567"" target=""_blank"">ORTIGUEIRA SANCHEZ, MANUEL</a>",http://alojawebapps.us.es//centrosdptos/pdi/pdi.php?pdi=2567
"<a href=""http://alojawebapps.us.es//centrosdptos/pdi/pdi.php?pdi=2404"" target=""_blank"">OVIEDO GARCIA, MARIA DE LOS ANGELES</a>",http://alojawebapps.us.es//centrosdptos/pdi/pdi.php?pdi=2404
"<a href=""http://alojawebapps.us.es//centrosdptos/pdi/pdi.php?pdi=5166"" target=""_blank"">PACHECO TAMAYO, EVA MARIA</a>",http://alojawebapps.us.es//centrosdptos/pdi/pdi.php?pdi=5166
"<a href=""http://alojawebapps.us.es//centrosdptos/pdi/pdi.php?pdi=16886"" target=""_blank"">PASCUAL SANCHEZ, JOSE ANTONIO</a>",http://alojawebapps.us.es//centrosdptos/pdi/pdi.php?pdi=16886
"<a href=""http://alojawebapps.us.es//centrosdptos/pdi/pdi.php?pdi=11810"" target=""_blank"">PEÑA VINCES, JESUS DEL CARMEN</a>",http://alojawebapps.us.es//centrosdptos/pdi/pdi.php?pdi=11810
"<a href=""http://alojawebapps.us.es//centrosdptos/pdi/pdi.php?pdi=4164"" target=""_blank"">PERAL PERAL, BEGOÑA</a>",http://alojawebapps.us.es//centrosdptos/pdi/pdi.php?pdi=4164
"<a href=""http://alojawebapps.us.es//centrosdptos/pdi/pdi.php?pdi=16103"" target=""_blank"">PEREZ CASTRO, AMPARO</a>",http://alojawebapps.us.es//centrosdptos/pdi/pdi.php?pdi=16103
"<a href=""http://alojawebapps.us.es//centrosdptos/pdi/pdi.php?pdi=5201"" target=""_blank"">PERIAÑEZ CRISTOBAL, RAFAEL</a>",http://alojawebapps.us.es//centrosdptos/pdi/pdi.php?pdi=5201
"<a href=""http://alojawebapps.us.es//centrosdptos/pdi/pdi.php?pdi=3811"" target=""_blank"">PICON BERJOYO, ARACELI</a>",http://alojawebapps.us.es//centrosdptos/pdi/pdi.php?pdi=3811
"<a href=""http://alojawebapps.us.es//centrosdptos/pdi/pdi.php?pdi=4438"" target=""_blank"">QUIROS TOMAS, FRANCISCO JAVIER</a>",http://alojawebapps.us.es//centrosdptos/pdi/pdi.php?pdi=4438
"<a href=""http://alojawebapps.us.es//centrosdptos/pdi/pdi.php?pdi=3653"" target=""_blank"">RAMOS HIDALGO, MARIA ENCARNACION</a>",http://alojawebapps.us.es//centrosdptos/pdi/pdi.php?pdi=3653
"<a href=""http://alojawebapps.us.es//centrosdptos/pdi/pdi.php?pdi=3654"" target=""_blank"">REVILLA CAMACHO, MARIA ANGELES</a>",http://alojawebapps.us.es//centrosdptos/pdi/pdi.php?pdi=3654
"<a href=""http://alojawebapps.us.es//centrosdptos/pdi/pdi.php?pdi=11478"" target=""_blank"">REY MORENO, MANUEL</a>",http://alojawebapps.us.es//centrosdptos/pdi/pdi.php?pdi=11478
"<a href=""http://alojawebapps.us.es//centrosdptos/pdi/pdi.php?pdi=4951"" target=""_blank"">REYES RODRIGUEZ, MARIA DEL CARMEN</a>",http://alojawebapps.us.es//centrosdptos/pdi/pdi.php?pdi=4951
"<a href=""http://alojawebapps.us.es//centrosdptos/pdi/pdi.php?pdi=2865"" target=""_blank"">ROBLES RABAGO, MARIA ELENA</a>",http://alojawebapps.us.es//centrosdptos/pdi/pdi.php?pdi=2865
"<a href=""http://alojawebapps.us.es//centrosdptos/pdi/pdi.php?pdi=3425"" target=""_blank"">RODRIGUEZ FELIX, MARIA LUCIA</a>",http://alojawebapps.us.es//centrosdptos/pdi/pdi.php?pdi=3425
"<a href=""http://alojawebapps.us.es//centrosdptos/pdi/pdi.php?pdi=2375"" target=""_blank"">RODRIGUEZ RAD, CARLOS J.</a>",http://alojawebapps.us.es//centrosdptos/pdi/pdi.php?pdi=2375
"<a href=""http://alojawebapps.us.es//centrosdptos/pdi/pdi.php?pdi=9654"" target=""_blank"">RODRIGUEZ SERRANO, M. DE LOS ANGELES</a>",http://alojawebapps.us.es//centrosdptos/pdi/pdi.php?pdi=9654
"<a href=""http://alojawebapps.us.es//centrosdptos/pdi/pdi.php?pdi=2606"" target=""_blank"">RODRIGUEZ-BOBADA REY, JOAQUINA</a>",http://alojawebapps.us.es//centrosdptos/pdi/pdi.php?pdi=2606
"<a href=""http://alojawebapps.us.es//centrosdptos/pdi/pdi.php?pdi=6277"" target=""_blank"">RODRIGUEZ-PIÑERO ROYO, FRANCISCO</a>",http://alojawebapps.us.es//centrosdptos/pdi/pdi.php?pdi=6277
"<a href=""http://alojawebapps.us.es//centrosdptos/pdi/pdi.php?pdi=3922"" target=""_blank"">ROLDAN SALGUEIRO, JOSE LUIS</a>",http://alojawebapps.us.es//centrosdptos/pdi/pdi.php?pdi=3922
"<a href=""http://alojawebapps.us.es//centrosdptos/pdi/pdi.php?pdi=2889"" target=""_blank"">ROMAN ONSALO, MARIA LUISA</a>",http://alojawebapps.us.es//centrosdptos/pdi/pdi.php?pdi=2889
"<a href=""http://alojawebapps.us.es//centrosdptos/pdi/pdi.php?pdi=2371"" target=""_blank"">ROMERO ROMERO, MARIA GLORIA</a>",http://alojawebapps.us.es//centrosdptos/pdi/pdi.php?pdi=2371
"<a href=""http://alojawebapps.us.es//centrosdptos/pdi/pdi.php?pdi=5007"" target=""_blank"">RONDAN CATALUÑA, FRANCISCO JAVIER</a>",http://alojawebapps.us.es//centrosdptos/pdi/pdi.php?pdi=5007
"<a href=""http://alojawebapps.us.es//centrosdptos/pdi/pdi.php?pdi=2880"" target=""_blank"">ROSA DIAZ, ISABEL MARIA</a>",http://alojawebapps.us.es//centrosdptos/pdi/pdi.php?pdi=2880
"<a href=""http://alojawebapps.us.es//centrosdptos/pdi/pdi.php?pdi=5314"" target=""_blank"">RUBIO PICON, CONCEPCION</a>",http://alojawebapps.us.es//centrosdptos/pdi/pdi.php?pdi=5314
"<a href=""http://alojawebapps.us.es//centrosdptos/pdi/pdi.php?pdi=4463"" target=""_blank"">RUFINO RUS, JOSE IGNACIO</a>",http://alojawebapps.us.es//centrosdptos/pdi/pdi.php?pdi=4463
"<a href=""http://alojawebapps.us.es//centrosdptos/pdi/pdi.php?pdi=4935"" target=""_blank"">RUIZ MORENO, CAROLINA</a>",http://alojawebapps.us.es//centrosdptos/pdi/pdi.php?pdi=4935
"<a href=""http://alojawebapps.us.es//centrosdptos/pdi/pdi.php?pdi=16117"" target=""_blank"">RUS ARIAS, ENRIQUE</a>",http://alojawebapps.us.es//centrosdptos/pdi/pdi.php?pdi=16117
"<a href=""http://alojawebapps.us.es//centrosdptos/pdi/pdi.php?pdi=3611"" target=""_blank"">SANCHEZ DEL RIO VAZQUEZ, MARIA ELENA</a>",http://alojawebapps.us.es//centrosdptos/pdi/pdi.php?pdi=3611
"<a href=""http://alojawebapps.us.es//centrosdptos/pdi/pdi.php?pdi=5832"" target=""_blank"">SANCHEZ FRANCO, MANUEL JESUS</a>",http://alojawebapps.us.es//centrosdptos/pdi/pdi.php?pdi=5832
"<a href=""http://alojawebapps.us.es//centrosdptos/pdi/pdi.php?pdi=2886"" target=""_blank"">SANCHEZ-APELLANIZ GARCIA, MERCEDES</a>",http://alojawebapps.us.es//centrosdptos/pdi/pdi.php?pdi=2886
"<a href=""http://alojawebapps.us.es//centrosdptos/pdi/pdi.php?pdi=6315"" target=""_blank"">SANCHO MEJIAS, MARIA</a>",http://alojawebapps.us.es//centrosdptos/pdi/pdi.php?pdi=6315
"<a href=""http://alojawebapps.us.es//centrosdptos/pdi/pdi.php?pdi=5854"" target=""_blank"">SANZ ALTAMIRA, BORJA</a>",http://alojawebapps.us.es//centrosdptos/pdi/pdi.php?pdi=5854
"<a href=""http://alojawebapps.us.es//centrosdptos/pdi/pdi.php?pdi=15838"" target=""_blank"">SUAREZ REDONDO, EVA MARIA</a>",http://alojawebapps.us.es//centrosdptos/pdi/pdi.php?pdi=15838
"<a href=""http://alojawebapps.us.es//centrosdptos/pdi/pdi.php?pdi=5354"" target=""_blank"">TAMAYO GALLEGO, JUAN A</a>",http://alojawebapps.us.es//centrosdptos/pdi/pdi.php?pdi=5354
"<a href=""http://alojawebapps.us.es//centrosdptos/pdi/pdi.php?pdi=3445"" target=""_blank"">TRAVERSO CORTES, JOAQUIN</a>",http://alojawebapps.us.es//centrosdptos/pdi/pdi.php?pdi=3445
"<a href=""http://alojawebapps.us.es//centrosdptos/pdi/pdi.php?pdi=2397"" target=""_blank"">VAZQUEZ SANCHEZ, ADOLFO ENRIQUE</a>",http://alojawebapps.us.es//centrosdptos/pdi/pdi.php?pdi=2397
"<a href=""http://alojawebapps.us.es//centrosdptos/pdi/pdi.php?pdi=5338"" target=""_blank"">VECINO GRAVEL, JULIO DARIO</a>",http://alojawebapps.us.es//centrosdptos/pdi/pdi.php?pdi=5338
"<a href=""http://alojawebapps.us.es//centrosdptos/pdi/pdi.php?pdi=5811"" target=""_blank"">VEGA VAZQUEZ, MANUELA</a>",http://alojawebapps.us.es//centrosdptos/pdi/pdi.php?pdi=5811
"<a href=""http://alojawebapps.us.es//centrosdptos/pdi/pdi.php?pdi=4389"" target=""_blank"">VELICIA MARTIN, FELIX ANTONIO</a>",http://alojawebapps.us.es//centrosdptos/pdi/pdi.php?pdi=4389
"<a href=""http://alojawebapps.us.es//centrosdptos/pdi/pdi.php?pdi=14153"" target=""_blank"">VILLALBA RIOS, PAULA</a>",http://alojawebapps.us.es//centrosdptos/pdi/pdi.php?pdi=14153
"<a href=""http://alojawebapps.us.es//centrosdptos/pdi/pdi.php?pdi=3601"" target=""_blank"">VILLAREJO RAMOS, ANGEL FRANCISCO</a>",http://alojawebapps.us.es//centrosdptos/pdi/pdi.php?pdi=3601
"<a href=""http://alojawebapps.us.es//centrosdptos/pdi/pdi.php?pdi=4473"" target=""_blank"">VILLEGAS PERIÑAN, MARIA DEL MAR</a>",http://alojawebapps.us.es//centrosdptos/pdi/pdi.php?pdi=4473
